developer,posted_year,recommend
07th Expansion,2015.0,1
"10th Art Studio,Adventure Productions",2015.0,0
11 bit studios,2011.0,1
11 bit studios,2014.0,7
11 bit studios,2015.0,13
14° East,2013.0,1
1C Company,2011.0,0
1C:InoCo,2013.0,1
1C:InoCo,2015.0,0
2D BOY,2015.0,0
"2K Australia,Gearbox Software,Aspyr (Mac and Linux)",2014.0,3
"2K Australia,Gearbox Software,Aspyr (Mac and Linux)",2015.0,2
"2K Australia,Gearbox Software,Aspyr (Mac,Linux)",2014.0,0
"2K Australia,Gearbox Software,Aspyr (Mac,Linux)",2015.0,0
"2K Boston,2K Australia",2013.0,1
"2K Boston,2K Australia",2014.0,5
"2K Boston,2K Australia",2015.0,4
"2K Czech,Feral Interactive (Mac)",2013.0,1
"2K Czech,Feral Interactive (Mac)",2014.0,1
"2K Czech,Feral Interactive (Mac)",2015.0,2
2K Marin,2013.0,1
2K Marin,2014.0,0
2K Marin,2015.0,1
"2K Marin,2K China,Digital Extremes,2K Australia,Feral Interactive (Mac)",2014.0,1
"2K Marin,2K China,Digital Extremes,2K Australia,Feral Interactive (Mac)",2015.0,3
2Play,2014.0,1
3 Sprockets,2013.0,1
3000AD,2015.0,0
3909,2013.0,3
3909,2014.0,3
3909,2015.0,4
4A Games,2015.0,2
5th Cell Media,2014.0,2
5th Cell Media,2015.0,0
777 Studios,2015.0,0
8-Bit Studio,2014.0,0
800 North and Digital Ranch,2012.0,1
800 North and Digital Ranch,2013.0,3
800 North and Digital Ranch,2014.0,4
800 North and Digital Ranch,2015.0,4
8888888 LABS,2013.0,1
9heads Game Studios,2014.0,2
9heads Game Studios,2015.0,1
@unepic_fran,2014.0,1
A Crowd of Monsters,2015.0,1
ACE Team,2013.0,1
ACE Team,2014.0,0
ACE Team,2015.0,3
ACQUIRE Corp.,2015.0,1
AGC,2015.0,1
AMPLITUDE Studios,2013.0,1
AMPLITUDE Studios,2014.0,2
AMPLITUDE Studios,2015.0,4
Abstraction Games,2015.0,1
Acid Nerve,2015.0,3
Actalogic,2014.0,0
Airtight Games,2011.0,1
Airtight Games,2014.0,1
Alan Edwardes,2014.0,2
Alan Edwardes,2015.0,1
Aleksey Abramenko,2014.0,0
Alexander Bruce,2014.0,4
Alexander Bruce,2015.0,1
Alien Sync Interactive,2015.0,1
Alientrap,2015.0,1
Almost Human Games,2013.0,1
Almost Human Games,2014.0,2
Altar Games,2014.0,0
"Amaranth Games, LLC",2015.0,0
Anarchy Enterprises,2015.0,0
Andrii Vintsevych,2013.0,0
Andrii Vintsevych,2015.0,0
Angry Mob Games,2015.0,0
Anisoptera Games,2015.0,2
Anothink,2015.0,0
Aperture Tag Team,2014.0,1
Aperture Tag Team,2015.0,1
Aquiris Game Studio,2015.0,1
Archive Entertainment,2013.0,1
Archive Entertainment,2014.0,0
Archive Entertainment,2015.0,0
Arkane Studios,2013.0,4
Arkane Studios,2014.0,6
Arkane Studios,2015.0,3
Arrowhead Game Studios,2012.0,1
Arrowhead Game Studios,2013.0,3
Arrowhead Game Studios,2014.0,1
Arrowhead Game Studios,2015.0,4
Artery Games,2012.0,1
Artifice Studio,2015.0,0
Ascaron Entertainment ltd.,2013.0,0
Aspyr Studios,2015.0,0
Atelier 801,2015.0,0
Avalanche Software,2015.0,0
Avalanche Studios,2012.0,1
Avalanche Studios,2013.0,9
Avalanche Studios,2014.0,10
Avalanche Studios,2015.0,14
"Avalanche Studios,Feral Interactive (Mac/Linux)",2015.0,4
Awesome Games Studio,2014.0,1
Awesome Games Studio,2015.0,0
BANDAI NAMCO Studio Inc.,2015.0,0
BS1 &amp; BSL Team,2014.0,1
"BadFly Interactive, a.s.",2014.0,1
"BadFly Interactive, a.s.",2015.0,0
Bankroll Studios,2015.0,7
Beam Team Games,2015.0,12
BeamNG,2015.0,3
Beamdog,2014.0,1
Bedlam Games,2013.0,0
Behold Studios,2014.0,1
Behold Studios,2015.0,1
Benjamin Rivers Inc.,2015.0,0
Best Way,2014.0,1
BetaDwarf,2015.0,2
Bethesda Game Studios,2013.0,4
Bethesda Game Studios,2014.0,6
Bethesda Game Studios,2015.0,28
Big Fat Alien,2015.0,2
"Big Huge Games,38 Studios",2014.0,1
Big Robot Ltd,2014.0,2
Big Robot Ltd,2015.0,2
"Binary Zoo,The Game Creators",2015.0,1
BioWare,2014.0,2
BioWare,2015.0,2
"BioWare,Aspyr (Mac)",2012.0,1
"BioWare,Aspyr (Mac)",2013.0,1
"BioWare,Aspyr (Mac)",2015.0,1
"BitMonster, Inc.",2015.0,1
Bitbox Ltd.,2014.0,0
Bitbox Ltd.,2015.0,0
Bithell Games,2013.0,2
Bithell Games,2014.0,2
"Bitl,Cobalt-57",2015.0,0
Black Isle Studios,2014.0,1
Black Isle Studios,2015.0,2
Black Lion Studios,2014.0,0
Black Sea Studios Ltd,2014.0,1
Black Shell Games,2015.0,0
Blackhole,2014.0,0
BlankMediaGames,2015.0,6
Blendo Games,2011.0,1
Blendo Games,2013.0,0
Blendo Games,2014.0,1
Blendo Games,2015.0,1
Blit Software,2015.0,1
Bloober Team SA,2015.0,2
Blue Bottle Games,2014.0,4
Blue Byte,2015.0,0
Blue Isle Studios,2013.0,1
Blue Isle Studios,2014.0,1
Blue Isle Studios,2015.0,1
Blue Mammoth Games,2014.0,2
Blue Mammoth Games,2015.0,3
BlueGiant Interactive,2013.0,0
BlueLine Games,2015.0,1
Bluebutton Games,2015.0,1
"Bluehole, Inc.",2015.0,1
Bob the Game Development Bot,2015.0,1
Bohemia Interactive,2013.0,16
Bohemia Interactive,2014.0,100
Bohemia Interactive,2015.0,30
Boneloaf,2014.0,1
Boneloaf,2015.0,2
Bongfish GmbH,2015.0,0
Born Ready Games Ltd.,2014.0,1
Boss Baddie,2014.0,1
Bossa Studios,2013.0,5
Bossa Studios,2014.0,9
Bossa Studios,2015.0,3
Brace Yourself Games,2014.0,1
Brace Yourself Games,2015.0,3
Brain Bombers,2014.0,0
Breakfall,2014.0,2
Breakfall,2015.0,1
Brightrock Games,2015.0,0
Brilliant Skies Ltd.,2015.0,1
Broken Rules,2011.0,0
Bugbear,2014.0,2
Bugbear,2015.0,0
Bugbear Entertainment,2013.0,1
Burut CT,2014.0,1
Bytebin,2015.0,0
C3SK,2015.0,1
"CAPCOM Co., Ltd.",2014.0,2
"CAPCOM Co., Ltd.",2015.0,4
CCP,2014.0,0
CD PROJEKT RED,2013.0,3
CD PROJEKT RED,2014.0,5
CI Games,2014.0,0
"CI Games,Deck 13",2014.0,0
"CINEMAX, s.r.o.",2014.0,1
CSR-Studios,2014.0,1
Capcom,2013.0,2
Capcom,2014.0,8
Capcom,2015.0,3
Capcom Game Studio Vancouver,2014.0,2
Capcom Vancouver,2014.0,0
Capcom Vancouver,2015.0,3
Carbon Games,2014.0,7
Carbon Games,2015.0,1
Carlsen Games,2014.0,2
Cavedog Entertainment,2015.0,1
Cellar Door Games,2015.0,1
Centauri Production,2015.0,0
Chaosoft Games,2014.0,1
Cherry Pop Games,2014.0,0
Cherry Pop Games,2015.0,0
Choice of Games,2015.0,1
Chris Sawyer Productions,2014.0,0
Chucklefish,2013.0,5
Chucklefish,2014.0,9
Chucklefish,2015.0,4
Cipher Prime Studios,2015.0,1
"Circle Five Studios,Pub Games",2015.0,0
City Interactive,2011.0,1
City Interactive,2013.0,0
City Interactive,2014.0,0
City Interactive,2015.0,0
Clickteam,2015.0,1
Climax Studios,2015.0,1
CodeBrush Games,2013.0,0
CodeBrush Games,2014.0,3
CodeBrush Games,2015.0,2
Codemasters,2014.0,0
Codemasters,2015.0,1
Codemasters Action Studio,2014.0,0
"Codemasters Racing,Feral Interactive (Mac)",2014.0,0
"Codemasters Racing,Feral Interactive (Mac),Feral Interactive (Linux)",2014.0,1
Codemasters Studios,2014.0,1
Codemasters Studios,2015.0,0
"Codemasters,Feral Interactive (Linux)",2015.0,0
Code}{atch,2015.0,5
Coffee Stain Studios,2013.0,0
Coffee Stain Studios,2014.0,28
Coffee Stain Studios,2015.0,9
Cold Beam Games,2013.0,1
Cold Beam Games,2015.0,2
Colonthree Enterprises,2015.0,0
Colossal Order Ltd.,2015.0,10
Core Design,2015.0,0
"Coreplay GmbH,Bigmoon Studios",2013.0,1
Cosmic Cow LLC,2014.0,0
Crackshell,2014.0,2
Crankshaft Games,2012.0,1
Crazy Viking Studios,2014.0,1
Creability,2014.0,0
Creative Assembly,2013.0,1
Creative Assembly,2014.0,9
Creative Assembly,2015.0,9
"Creative Assembly, PC Port - Hardlight",2014.0,0
"Creative Assembly,Feral Interactive (Mac),Feral Interactive (Linux)",2014.0,3
"Creative Assembly,Feral Interactive (Mac),Feral Interactive (Linux)",2015.0,3
CreativeForge Games,2014.0,0
Crian Soft,2015.0,0
Criterion Games,2014.0,2
Criterion Games,2015.0,3
Critical Studio,2015.0,0
Croteam,2013.0,1
Croteam,2014.0,2
Croteam,2015.0,0
Crowbar Collective,2015.0,0
Crows Crows Crows,2015.0,1
Cryptic Studios,2013.0,3
Cryptic Studios,2014.0,1
Crystal Dynamics,2014.0,0
"Crystal Dynamics,Feral Interactive (Mac),Feral Interactive (Linux)",2013.0,3
"Crystal Dynamics,Feral Interactive (Mac),Feral Interactive (Linux)",2014.0,6
"Crystal Dynamics,Feral Interactive (Mac),Feral Interactive (Linux)",2015.0,5
Crytek,2014.0,8
Crytek,2015.0,2
Crytek Studios,2014.0,2
Curve Studios,2014.0,0
Cyanide Montreal,2014.0,0
Cyanide Studios,2013.0,1
Cyanide Studios,2014.0,2
Cyanide Studios,2015.0,0
CyberConnect2 Co. Ltd.,2014.0,2
CyberConnect2 Co. Ltd.,2015.0,3
"CyberConnect2 Co., Ltd.",2015.0,1
Cybertime System,2015.0,0
DICE,2010.0,1
DICE,2011.0,1
DICE,2012.0,2
DICE,2013.0,1
DICE,2014.0,5
DICE,2015.0,5
DIMPS,2015.0,3
DL Softworks,2015.0,0
DONTNOD Entertainment,2015.0,1
"DONTNOD Entertainment,Feral Interactive (Mac),Feral Interactive (Linux)",2015.0,15
DR Studios,2014.0,1
DR Studios,2015.0,1
Daedalic Entertainment,2014.0,1
"Dan  Walters,Ceri Williams",2015.0,0
Dan Fornace,2015.0,2
Dancing Dragon Games,2015.0,0
Daniel Davies,2015.0,0
Daniel Jonathan Bourke,2015.0,1
Dark Amber Softworks,2015.0,0
Dark Artz Entertainment,2013.0,0
Dark Day Interactive,2015.0,0
Dark Energy Digital Ltd.,2014.0,1
Data Realms,2014.0,2
Data Realms,2015.0,1
David OReilly,2014.0,1
David OReilly,2015.0,2
David Szymanski,2014.0,0
Day 1 Studios,2012.0,1
Day 1 Studios,2013.0,0
Day 1 Studios,2014.0,0
Day 1 Studios,2015.0,1
Daybreak Game Company,2013.0,8
Daybreak Game Company,2014.0,15
Daybreak Game Company,2015.0,11
Dead Mage,2014.0,0
Dead Shark Triplepunch,2015.0,1
Decent Machine,2015.0,1
Deconstructeam,2014.0,1
Deconstructeam,2015.0,1
Deep Silver Volition,2013.0,5
Deep Silver Volition,2014.0,8
Deep Silver Volition,2015.0,6
"Deep Silver Volition,High Voltage Software",2015.0,3
Dekovir Entertainment,2015.0,1
Demiurge Studios,2013.0,0
Dennaton Games,2013.0,3
Dennaton Games,2014.0,18
Dennaton Games,2015.0,15
Destructive Creations,2015.0,1
Devil's Details,2011.0,1
Devil's Details,2014.0,0
Devil's Details,2015.0,1
DiezelPower,2012.0,1
Digerati Distribution,2013.0,0
Digital Confectioners,2014.0,2
Digital Confectioners,2015.0,2
Digital Extremes,2013.0,6
Digital Extremes,2014.0,22
Digital Extremes,2015.0,12
Digital Leisure Inc.,2014.0,0
Digitalmindsoft,2014.0,3
Digitalmindsoft,2015.0,1
DnS Development,2014.0,0
DnS Development,2015.0,0
Doctor Entertainment AB,2015.0,2
Double Action Factory,2014.0,4
Double Action Factory,2015.0,3
"Double Eleven,Q-Games Ltd.",2014.0,1
Double Fine Productions,2013.0,1
Double Fine Productions,2014.0,0
Double Fine Productions,2015.0,0
DoubleBear Productions,2014.0,1
DoubleDutch Games,2014.0,1
DoubleDutch Games,2015.0,6
Dovetail Games,2014.0,0
Dovetail Games,2015.0,0
Dragonfly,2014.0,0
Dragonfly,2015.0,0
Dylan Fitterer,2013.0,2
Dylan Fitterer,2014.0,2
Dylan Fitterer,2015.0,1
EA - Maxis,2015.0,1
"EA - Maxis,Aspyr (Mac)",2013.0,0
EA Los Angeles,2012.0,1
EA Los Angeles,2014.0,0
EA Redwood Shores,2011.0,1
EA Redwood Shores,2014.0,1
EA Redwood Shores,2015.0,1
EXOR Studios,2014.0,1
EasyGameStation,2015.0,1
Eat Create Sleep,2015.0,3
Ed Key and David Kanaga,2013.0,0
Ed Key and David Kanaga,2014.0,0
Edelweiss,2014.0,1
Edelweiss,2015.0,1
Eden Industries,2015.0,0
Eden Studios,2014.0,1
Edge Case Games Ltd.,2015.0,3
Edge of Reality,2013.0,1
Edge of Reality,2014.0,37
Edge of Reality,2015.0,1
Edmund McMillen and Florian Himsl,2012.0,1
Edmund McMillen and Florian Himsl,2013.0,5
Edmund McMillen and Florian Himsl,2014.0,16
Edmund McMillen and Florian Himsl,2015.0,6
Eforb,2015.0,0
Eggtooth Team,2013.0,1
Egosoft,2013.0,1
Egosoft,2014.0,0
Egosoft,2015.0,1
Eidos Interactive,2014.0,0
"Eidos Montreal,Feral Interactive (Mac)",2014.0,3
"Eidos-Montréal,Feral Interactive (Mac)",2014.0,2
"Eidos-Montréal,Feral Interactive (Mac)",2015.0,1
Eko Software,2015.0,0
Elecorn,2015.0,1
Electronic Arts,2013.0,0
Electronic Arts,2014.0,0
Eleon Game Studios,2015.0,0
"Elias Viglione,Jussi Kukkonen",2015.0,0
Elijah Newman-Gomez,2014.0,0
Elijah Newman-Gomez,2015.0,0
Elixir Studios,2013.0,1
Endnight Games Ltd,2014.0,15
Endnight Games Ltd,2015.0,10
Ensemble Studios,2015.0,1
Entheogen Studios LLC,2014.0,0
Entrada Interactive LLC,2015.0,0
"Eric Hartman,Ben Garney,Anthony Rotondo",2014.0,0
"Eric Hartman,Ben Garney,Anthony Rotondo",2015.0,1
Eric Provan - Ayyo Games,2014.0,0
Erik Asmussen,2015.0,1
Eugen Systems,2013.0,1
Eugen Systems,2014.0,1
Eugen Systems,2015.0,2
Everything Unlimited Ltd.,2015.0,4
Evil Twin Artworks,2014.0,0
Exe Games Inc.,2015.0,0
Exor Studios,2015.0,1
"Expansive Worlds,Avalanche Studios",2014.0,4
"Expansive Worlds,Avalanche Studios",2015.0,2
Eyedentity Games Inc.,2015.0,1
Eyzi,2015.0,4
"FIX Korea, Co.LTD,FIX Games, Co. LTD",2013.0,0
"FIX Korea, Co.LTD,FIX Games, Co. LTD",2014.0,3
"FIX Korea, Co.LTD,FIX Games, Co. LTD",2015.0,4
Fabio Ferrara,2015.0,2
"Fabio Ferrara,Davide Caio,Nicolò Azzolini,Antonio Carcagnì,Luigi Di Guida,Tommaso Vita",2015.0,8
"Fabio Ferrara,Giulia Airoldi",2015.0,1
Facepunch Studios,2012.0,6
Facepunch Studios,2013.0,31
Facepunch Studios,2014.0,124
Facepunch Studios,2015.0,68
Failbetter Games,2014.0,0
Farsky Interactive,2015.0,1
Fatshark,2015.0,3
Firaxis Games,2013.0,1
Firaxis Games,2014.0,2
Firaxis Games,2015.0,1
"Firaxis Games,Aspyr (Mac, Linux)",2013.0,2
"Firaxis Games,Aspyr (Mac, Linux)",2014.0,20
"Firaxis Games,Aspyr (Mac, Linux)",2015.0,13
"Firaxis Games,Feral Interactive (Mac),Feral Interactive (Linux)",2012.0,1
"Firaxis Games,Feral Interactive (Mac),Feral Interactive (Linux)",2013.0,1
"Firaxis Games,Feral Interactive (Mac),Feral Interactive (Linux)",2014.0,6
"Firaxis Games,Feral Interactive (Mac),Feral Interactive (Linux)",2015.0,9
FireFly Studios,2013.0,2
FireFly Studios,2014.0,1
Fishing Planet LLC,2015.0,2
Fishlabs Entertainment GmbH,2014.0,0
Fistful of Frags Team,2014.0,4
Fistful of Frags Team,2015.0,6
Flying Wild Hog,2011.0,1
Flying Wild Hog,2012.0,1
Flying Wild Hog,2013.0,2
Flying Wild Hog,2014.0,1
Flying Wild Hog,2015.0,3
Forever Entertainment S. A.,2015.0,1
"Fortress Forever Development Team,Trepid Studios",2015.0,1
Four Quarters,2015.0,1
FreakZone Games,2014.0,2
Freakinware Studios,2015.0,1
Free Lives,2014.0,3
Free Lives,2015.0,5
Free Reign Entertainment,2015.0,2
Freebird Games,2013.0,1
Freebird Games,2014.0,7
Freebird Games,2015.0,3
Freegamer,2014.0,0
Freejam,2014.0,10
Freejam,2015.0,13
Frictional Games,2010.0,1
Frictional Games,2011.0,1
Frictional Games,2012.0,1
Frictional Games,2013.0,3
Frictional Games,2014.0,8
Frictional Games,2015.0,6
Frogdice,2014.0,0
Frogwares,2014.0,0
FromSoftware,2012.0,1
FromSoftware,2013.0,4
FromSoftware,2014.0,15
FromSoftware,2015.0,20
"FromSoftware, Inc",2014.0,17
"FromSoftware, Inc",2015.0,7
"Frontier,Aspyr (Mac)",2015.0,1
Frozenbyte,2012.0,1
Frozenbyte,2014.0,1
Frozenbyte,2015.0,1
Full Control,2015.0,0
Fullbright,2014.0,0
Fullbright,2015.0,0
Funcom,2013.0,1
Funcom,2015.0,0
GSC Game World,2014.0,1
Gaijin Games,2013.0,1
Gaijin Games,2014.0,1
Gaijin Games,2015.0,1
Galactic Cafe,2013.0,2
Galactic Cafe,2014.0,6
Galactic Cafe,2015.0,1
Game Mechanics,2015.0,0
GameArt Studio GmbH,2015.0,0
"GameConnect,InterWave Studios",2015.0,1
GameCrafterTeam,2014.0,1
GameORE,2015.0,0
GameUS Inc.,2015.0,0
Ganz,2014.0,0
Ganz,2015.0,1
Gas Powered Games,2010.0,1
Gas Powered Games,2014.0,1
Gas Powered Games,2015.0,2
"Gaslamp Games, Inc.",2011.0,1
"Gaslamp Games, Inc.",2012.0,1
"Gaslamp Games, Inc.",2014.0,1
Gearbox Software,2011.0,1
Gearbox Software,2012.0,1
Gearbox Software,2014.0,2
Gearbox Software,2015.0,1
"Gearbox Software,Aspyr (Mac &amp; Linux)",2012.0,1
"Gearbox Software,Aspyr (Mac &amp; Linux)",2013.0,5
"Gearbox Software,Aspyr (Mac &amp; Linux)",2014.0,33
"Gearbox Software,Aspyr (Mac &amp; Linux)",2015.0,10
"Gearbox Software,Aspyr (Mac)",2015.0,1
Genee Network,2014.0,0
Geoff Keighley,2014.0,0
GhostShark,2015.0,0
Giant Army,2014.0,1
Giants Software,2014.0,0
Giants Software,2015.0,2
Gone North Games,2015.0,1
Gravity Interactive,2013.0,0
Gravity Interactive,2015.0,1
"Gravity, Inc.",2014.0,2
"Gravity, Inc.",2015.0,0
Gray Matter Studios,2015.0,1
Greenheart Games,2013.0,2
Greenheart Games,2014.0,3
Grey Havens,2013.0,2
Grey Havens,2014.0,2
Grey Havens,2015.0,2
Grip Games,2014.0,1
Haemimont Games,2014.0,3
Hammerfall Publishing,2015.0,1
Hanako Games,2013.0,2
Hanako Games,2014.0,2
Hanako Games,2015.0,1
HandMade Game,2015.0,0
Hardsuit Labs,2012.0,1
Hardsuit Labs,2014.0,2
Hardsuit Labs,2015.0,0
"Hassey Enterprises, Inc.",2015.0,1
Headup Games / Crenetic,2014.0,1
Hello There AB,2015.0,1
"Henrique Pegacha,Rafael Lima,Nuno Guerreiro",2015.0,0
Hesketh Studios,2015.0,0
Hi-Rez Studios,2012.0,1
Hi-Rez Studios,2013.0,1
Hi-Rez Studios,2014.0,2
Hi-Rez Studios,2015.0,1
Hidden Path Entertainment,2013.0,1
Hinterland Studio Inc.,2015.0,4
Hitcents,2014.0,0
Holotech Studios,2015.0,0
Holy Priest,2015.0,4
"Holy Warp,Black Wing Foundation",2015.0,1
Hoobalugalar_X,2015.0,2
"Hopoo Games, LLC",2013.0,3
"Hopoo Games, LLC",2014.0,5
"Hopoo Games, LLC",2015.0,3
Hosted Games,2015.0,1
Hothead Games,2014.0,2
Humble Hearts LLC,2014.0,1
Humble Hearts LLC,2015.0,1
Humongous Entertainment,2015.0,1
HuniePot,2015.0,6
Hyper Hippo Games,2015.0,11
HyperSloth,2014.0,1
HyperSloth,2015.0,0
Hypercane Studios,2014.0,1
"IDEA FACTORY Co., Ltd.,COMPILE HEART Co., Ltd.,FELISTELLA Co., Ltd.",2015.0,0
IF Studios,2014.0,0
IMGN.PRO,2015.0,1
IO Entertainment,2015.0,1
IO Interactive,2014.0,1
IO Interactive,2015.0,0
Ian Campbell,2013.0,1
Ian Campbell,2014.0,1
Ice Water Games,2015.0,1
Ice-Pick Lodge,2013.0,1
Idigicon,2015.0,1
Infinity Ward,2013.0,1
Infinity Ward,2014.0,5
Infinity Ward,2015.0,1
"Infinity Ward,Aspyr (Mac)",2012.0,2
"Infinity Ward,Aspyr (Mac)",2013.0,1
"Infinity Ward,Aspyr (Mac)",2014.0,7
"Infinity Ward,Aspyr (Mac)",2015.0,2
Insurgency Development Team,2015.0,0
Interplay Inc.,2013.0,1
Interplay Inc.,2015.0,2
Introversion Software,2013.0,1
Introversion Software,2014.0,7
Introversion Software,2015.0,15
Invent4 Entertainment,2013.0,1
Invent4 Entertainment,2014.0,9
Invent4 Entertainment,2015.0,7
InvertMouse,2015.0,1
Io-Interactive A/S,2013.0,1
Io-Interactive A/S,2014.0,2
Io-Interactive A/S,2015.0,1
"Io-Interactive A/S,Feral Interactive (Mac)",2013.0,2
"Io-Interactive A/S,Feral Interactive (Mac)",2014.0,4
"Io-Interactive A/S,Feral Interactive (Mac)",2015.0,4
Ion Storm,2014.0,1
Ion Storm,2015.0,1
Iron Tower Studio,2014.0,1
"Ironclad Games,Stardock Entertainment",2013.0,1
"Ironclad Games,Stardock Entertainment",2014.0,2
"Irrational Games,Aspyr (Mac),Virtual Programming (Linux)",2013.0,1
"Irrational Games,Aspyr (Mac),Virtual Programming (Linux)",2014.0,12
"Irrational Games,Aspyr (Mac),Virtual Programming (Linux)",2015.0,5
"Irrational Games,Looking Glass Studios",2013.0,1
"Irrational Games,Looking Glass Studios",2014.0,2
Ivory Tower in collaboration with Ubisoft Reflections,2014.0,1
Ivory Tower in collaboration with Ubisoft Reflections,2015.0,0
JAVELIN OÜ,2015.0,0
JForce Games,2014.0,0
JForce Games,2015.0,2
"Jackbox Games, Inc.",2014.0,0
Jagex Limited,2013.0,5
Jagex Limited,2014.0,1
Jagex Limited,2015.0,2
"Jagex,Artplant",2014.0,2
"Jagex,Artplant",2015.0,1
Jarhead Games,2015.0,0
Jasper Byrne,2015.0,1
"Jetdogs Studios,Zoom Out Games",2015.0,0
JoWooD Vienna,2014.0,1
Joycity,2015.0,0
"JumpStart Games, Inc.",2014.0,0
"JumpStart Games, Inc.",2015.0,1
"Jundroo, LLC",2015.0,1
"Just Add Water (Developments), Ltd.",2015.0,1
KADOKAWA,2014.0,0
KITATUS STUDIOS,2015.0,0
"KOEI TECMO GAMES CO., LTD.",2014.0,1
"KOEI TECMO GAMES CO., LTD.",2015.0,3
KOG,2013.0,1
KOG,2014.0,2
KOG,2015.0,1
"Kaos Studios,Digital Extremes",2013.0,1
Katauri,2015.0,1
Keen Games,2014.0,0
Keen Software House,2015.0,2
KillHouse Games,2014.0,1
KillHouse Games,2015.0,1
KintoGames,2015.0,0
Kittehface Software,2015.0,1
Klei Entertainment,2014.0,4
Klei Entertainment,2015.0,17
Knuckle Cracker,2015.0,1
Kojima Productions,2014.0,1
Konami Digital Entertainment,2015.0,9
Konsordo,2015.0,2
Konstantin Koshutin,2014.0,0
Krillbite Studio,2014.0,4
Krillbite Studio,2015.0,2
Kukouri,2014.0,0
Kyle Seeley,2015.0,29
Kylotonn Racing Games,2015.0,1
Lab Zero Games,2013.0,1
Lab Zero Games,2014.0,3
Lab Zero Games,2015.0,5
Lag Studios,2015.0,5
Landon Podbielski,2015.0,1
Larian Studios,2013.0,1
Larian Studios,2014.0,1
Larian Studios,2015.0,1
Lemondo Entertainment,2015.0,0
Lesta Studio,2014.0,0
Lesta Studio,2015.0,1
Lightmare Studios,2014.0,1
Limbic Entertainment,2015.0,0
Lino Slahuschek,2015.0,1
Lionhead Studios,2014.0,1
Little Green Men Games,2014.0,0
Lord Kres,2015.0,1
Love Conquers All Games,2012.0,1
LucasArts,2015.0,2
"LucasArts,Aspyr Studios",2014.0,2
"LucasArts,Aspyr Studios",2015.0,0
"Lucid Games,Aspyr (Mac &amp; Linux)",2015.0,1
Ludosity,2015.0,1
Lukewarm Media,2013.0,1
Lukewarm Media,2014.0,1
Lukewarm Media,2015.0,1
"M2 Co.,LTD",2015.0,2
"M2H,Blackmill Games",2013.0,0
"M2H,Blackmill Games",2014.0,3
"M2H,Blackmill Games",2015.0,9
MAGES. Inc.,2015.0,2
MR-Software GbR,2014.0,1
MURA Interactive,2014.0,0
Machine Games,2014.0,3
Machine Games,2015.0,1
"Maciej Targoni,Wojciech Wasiak",2015.0,2
Mad Otter Games,2015.0,0
Manic Game Studios,2014.0,1
Martin Ivanov,2014.0,1
"Masangsoft, Inc.",2014.0,3
"Masangsoft, Inc.",2015.0,0
Masthead Studios Ltd,2014.0,1
Masthead Studios Ltd,2015.0,0
"Matt Kap,Nicalis, Inc.",2015.0,1
Matt Roszak,2015.0,1
Matthew Brown,2014.0,1
Matthew Brown,2015.0,1
Maxis™,2015.0,1
Mechanist Games,2014.0,1
"Mediatonic,Hato Moa,The Irregular Corporation",2015.0,1
Megadev,2013.0,1
Megadev,2014.0,2
Memetic Games,2013.0,1
MercurySteam,2015.0,2
Meridian4,2014.0,0
Messhof,2014.0,2
Messhof,2015.0,0
Michael Todd Games,2014.0,1
Michael Todd Games,2015.0,2
Michael Zahniser,2015.0,1
"MicroProse Software, Inc",2014.0,1
"MicroProse Software, Inc",2015.0,1
Microblast Games,2014.0,1
Microblast Games,2015.0,1
Microsoft Game Studios,2014.0,1
Might and Delight,2015.0,2
Milkstone Studios,2014.0,1
Milkstone Studios,2015.0,1
"Mine Loader Software Co., Ltd.",2014.0,2
MiniBoss,2015.0,1
Minor Key Games,2014.0,1
MoaCube,2015.0,1
Mode 7,2013.0,1
Modern Dream,2013.0,1
Modern Dream,2014.0,1
Moment Studio,2015.0,0
Mommy's Best Games,2015.0,1
"Monochrome, Inc",2013.0,0
"Monochrome, Inc",2014.0,5
"Monochrome, Inc",2015.0,2
Monolith,2012.0,1
Monolith Productions,2015.0,1
"Monolith Productions, Inc.",2013.0,2
"Monolith Productions, Inc.",2014.0,2
"Monolith Productions, Inc.",2015.0,1
"Monolith Productions, Inc.,Timegate",2013.0,2
"Monolith Productions, Inc.,Timegate",2014.0,1
"Monolith Productions,Feral Interactive (Mac),Feral Interactive (Linux)",2014.0,10
"Monolith Productions,Feral Interactive (Mac),Feral Interactive (Linux)",2015.0,1
Moon Studios GmbH,2015.0,2
Mouldy Toof Studios,2014.0,1
Mouldy Toof Studios,2015.0,2
MovingBlocks,2015.0,1
Muse Games,2013.0,1
Muse Games,2014.0,5
Muse Games,2015.0,4
Mystic Games,2015.0,0
NAMCO BANDAI Games,2014.0,1
NEXON Korea Corp.,2014.0,1
NEXON Korea Corp.,2015.0,2
NGD Studios,2015.0,1
NIGORO,2013.0,0
Nabi Studios,2014.0,7
Nabi Studios,2015.0,5
Nacho Games,2015.0,0
Nadeo,2013.0,0
Nadeo,2014.0,0
Ndemic Creations,2014.0,4
Ndemic Creations,2015.0,4
Necrophone Games,2014.0,0
Necrophone Games,2015.0,1
Nemesys Games,2014.0,1
NeoCoreGames,2012.0,0
NeocoreGames,2013.0,1
Nerdook Productions,2015.0,1
Net Games Laboratory,2014.0,0
Netcore Games,2015.0,0
NetherRealm Studios,2015.0,1
"NetherRealm Studios,High Voltage Software",2013.0,1
"NetherRealm Studios,High Voltage Software",2014.0,2
"NetherRealm Studios,High Voltage Software",2015.0,3
New World Interactive,2014.0,10
New World Interactive,2015.0,14
Nexon,2013.0,1
Nexon,2014.0,6
Nexon,2015.0,6
"Nicalis, Inc.",2014.0,13
"Nicalis, Inc.",2015.0,17
"Nicalis, Inc.,Edmund McMillen",2015.0,5
Niffler Ltd.,2014.0,1
"Nina Freeman,Emmett Butler,Decky Coss,Joni Kittaka",2015.0,5
"Nina Freeman,Laura Knetzger,Stephen Lawrence Clark",2015.0,0
Ninja Theory,2013.0,2
Ninja Theory,2014.0,3
Nival,2013.0,0
Nival,2014.0,1
No More Room in Hell Team,2013.0,16
No More Room in Hell Team,2014.0,20
No More Room in Hell Team,2015.0,8
Noble Empire Corp.,2014.0,0
Noble Empire Corp.,2015.0,0
"Noio,Licorice",2015.0,2
Nom Nom Games,2014.0,0
Nomad Games,2014.0,0
NotGames,2015.0,1
"Nova Dimension,Naga Entertainment",2014.0,0
OVERDRIVE,2015.0,0
OVERKILL - a Starbreeze Studio.,2014.0,1
OVERKILL - a Starbreeze Studio.,2015.0,5
OVERKILL Software,2013.0,2
OVERKILL Software,2014.0,4
OVERKILL Software,2015.0,4
Obsidian Entertainment,2013.0,1
Obsidian Entertainment,2014.0,14
Obsidian Entertainment,2015.0,9
"Obsidian Entertainment,Aspyr (Mac, Linux, &amp; Windows Update)",2015.0,1
Octoshark Studios,2012.0,1
Octoshark Studios,2014.0,2
Oddworld Inhabitants,2014.0,1
Offworld Industries,2015.0,2
Old School Games,2014.0,1
Omniconnection,2015.0,1
Oovee® Game Studios,2014.0,5
Oovee® Game Studios,2015.0,1
Orange_Juice,2014.0,2
Orange_Juice,2015.0,1
Oreol,2015.0,1
Organic Humans,2015.0,1
Orion Games,2014.0,0
Orthogonal Games,2014.0,1
Ostrich Banditos,2015.0,1
Osumia Games,2014.0,2
Osumia Games,2015.0,1
Outerlight Ltd.,2014.0,5
Outerlight Ltd.,2015.0,2
Over The Moon,2015.0,1
Owl Cave,2014.0,1
PIXOWL INC.,2015.0,0
Pandemic Studios,2014.0,4
Pandemic Studios,2015.0,7
Panzer Gaming Studios,2014.0,0
Paradox Development Studio,2012.0,1
Paradox Development Studio,2013.0,1
Paradox Development Studio,2014.0,9
Paradox Development Studio,2015.0,8
Paul Fisch,2015.0,0
Payload Studios,2015.0,0
Petroglyph,2014.0,1
Phenomenon Games,2014.0,1
Phenomenon Games,2015.0,1
Phosphor Games Studio,2013.0,1
Phosphor Games Studio,2014.0,6
Phosphor Games Studio,2015.0,3
Phr00t's Software,2013.0,1
PiGravity,2015.0,2
Pieces Interactive,2015.0,2
PillowPigGames,2015.0,1
Piranha Bytes,2015.0,0
"Pixel Dash Studios, EQgames",2015.0,0
PlatinumGames,2014.0,4
PlatinumGames,2015.0,0
Playbrains,2010.0,1
Playdead,2013.0,1
Playsaurus,2015.0,14
Pocketwatch Games,2013.0,1
Pocketwatch Games,2014.0,5
PolyPusher Studios,2015.0,1
Polytron Corporation,2015.0,0
"PopCap Games, Inc.",2012.0,1
"PopCap Games, Inc.",2014.0,2
"PopCap Games, Inc.",2015.0,2
"PopTop Software,BreakAway Games,Frog City Software",2014.0,0
Poppermost Productions,2015.0,0
Power of 2,2013.0,2
Power of 2,2014.0,1
Power of 2,2015.0,1
Prism Game Studios Ltd.,2015.0,2
ProjectorGames,2014.0,0
ProjectorGames,2015.0,0
Psychic Software,2014.0,0
"Psyonix, Inc.",2015.0,20
Puny Human,2014.0,2
Puny Human,2015.0,0
Pyro Studios,2014.0,1
Pyro Studios,2015.0,1
QUICKTEQUILA,2014.0,1
Qooc Software,2014.0,1
Racing Bros,2015.0,0
Radical Entertainment,2014.0,0
Radical Entertainment,2015.0,3
Ragequit Corporation,2014.0,4
Rail Slave Games,2014.0,0
Rail Slave Games,2015.0,0
Rain Games,2014.0,0
Rake in Grass,2015.0,1
Ratloop Asia,2014.0,1
"Raven Software,Aspyr (Mac)",2014.0,2
"Raven Software,Aspyr (Mac)",2015.0,3
Raylight Games,2015.0,0
Re-Logic,2011.0,4
Re-Logic,2012.0,5
Re-Logic,2013.0,14
Re-Logic,2014.0,20
Re-Logic,2015.0,17
Reakktor Studios,2015.0,1
Reality Pump,2014.0,0
Reality Pump,2015.0,0
Reality Pump Studios,2014.0,0
Reality Pump Studios,2015.0,1
Realmforge Studios,2014.0,0
Rebellion,2013.0,1
Rebellion,2014.0,6
Rebellion,2015.0,7
Recoil Games,2014.0,1
Red Barrels,2013.0,3
Red Barrels,2014.0,11
Red Barrels,2015.0,9
Red Duck Inc.,2013.0,1
Red Duck Inc.,2014.0,0
Red Duck Inc.,2015.0,0
Red Hook Studios,2015.0,8
"Redlynx Ltd,Ubisoft  Shanghaï",2014.0,0
"Redlynx Ltd,Ubisoft  Shanghaï",2015.0,0
Reiza Studios,2015.0,0
Relic,2013.0,1
Relic,2015.0,1
Relic Entertainment,2014.0,4
Relic Entertainment,2015.0,1
"Relic Entertainment,Feral Interactive (Mac),Feral Interactive (Linux)",2013.0,1
"Relic Entertainment,Feral Interactive (Mac),Feral Interactive (Linux)",2014.0,1
"Relic Entertainment,Feral Interactive (Mac),Feral Interactive (Linux)",2015.0,4
"Relic Entertainment,Feral Interactive (Mac/Linux)",2014.0,2
"Relic Entertainment,Feral Interactive (Mac/Linux)",2015.0,1
Reloaded Productions,2012.0,1
Reloaded Productions,2013.0,3
Reloaded Productions,2014.0,5
Reloaded Productions,2015.0,2
Remedy Entertainment,2012.0,1
Remedy Entertainment,2013.0,1
Remedy Entertainment,2014.0,4
Remedy Entertainment,2015.0,1
Reto-Moto,2014.0,8
Reto-Moto,2015.0,16
Retronic Games,2015.0,0
Reverie World Studios,2014.0,0
Rising Star Games,2014.0,1
RobTop Games,2014.0,1
RobTop Games,2015.0,5
Robot Entertainment,2013.0,2
Robot Entertainment,2014.0,1
Robot Entertainment,2015.0,0
Robot Gentleman,2015.0,2
Robotronic Games,2015.0,0
Rocket Bear Games,2013.0,1
"Rocketeer Games Studio, LLC",2015.0,1
Rockstar Games,2013.0,1
Rockstar Games,2014.0,1
Rockstar Games,2015.0,1
Rockstar New England,2014.0,1
Rockstar New England,2015.0,2
Rockstar North,2014.0,1
Rockstar North,2015.0,33
Rockstar North / Toronto,2014.0,1
Rockstar Studios,2014.0,2
Rockstar Studios,2015.0,1
Rocksteady Studios,2015.0,6
"Rocksteady Studios,Feral Interactive (Mac)",2013.0,6
"Rocksteady Studios,Feral Interactive (Mac)",2014.0,2
"Rocksteady Studios,Feral Interactive (Mac)",2015.0,4
"Rodeo Games,Twistplay",2015.0,0
Roll7,2015.0,1
"Roll7,General Arcade",2014.0,0
Ronimo Games,2013.0,2
Ronimo Games,2014.0,5
Ronimo Games,2015.0,4
Rooster Teeth Games,2015.0,1
Rovio Entertainment Ltd,2014.0,1
Rubycone,2015.0,0
Runic Games,2011.0,1
Runic Games,2012.0,1
Runic Games,2014.0,2
Running With Scissors,2013.0,2
Running With Scissors,2014.0,12
Running With Scissors,2015.0,9
S2 Games,2015.0,1
SCS Software,2014.0,5
SCS Software,2015.0,3
SEGA,2013.0,1
SEGA,2014.0,0
SEGA,2015.0,2
SNK CORPORATION,2015.0,1
"SNK CORPORATION,DotEmu",2014.0,2
"SNK CORPORATION,DotEmu",2015.0,1
STUDIO RADI-8,2014.0,0
"Sachonski,Renamilanesi,Sith",2015.0,1
Samurai Punk,2015.0,1
Sandswept Studios,2015.0,1
Sapphire Dragon Productions,2015.0,1
Sauropod Studio,2014.0,1
Scary Bee LLC,2015.0,1
"Schine, GmbH",2014.0,0
"Schine, GmbH",2015.0,1
Scott Cawthon,2014.0,23
Scott Cawthon,2015.0,34
Screwfly Studios,2014.0,1
Secret Exit Ltd.,2014.0,1
Secret Exit Ltd.,2015.0,2
Section Studios,2015.0,2
Sector3 Studios,2013.0,0
Sector3 Studios,2014.0,0
Sector3 Studios,2015.0,0
Semaphore,2014.0,0
Senscape,2014.0,1
Shadow Planet Productions,2013.0,1
Shark Punch,2015.0,1
ShaunJS,2015.0,0
Shawn Beck,2015.0,1
Sherman3D,2014.0,0
Shining Rock Software LLC,2014.0,8
Shining Rock Software LLC,2015.0,4
Shiro Games,2014.0,1
Shiro Games,2015.0,0
Shiver Games,2014.0,0
Shiver Games,2015.0,1
Shortbreak Studios s.c.,2014.0,1
Shumkov Dmitriy,2014.0,1
Shumkov Dmitriy,2015.0,0
"Signal Studios,Smart Ghost",2015.0,0
Silesia Games Sp. z o.o.,2014.0,0
Silk Games,2015.0,1
Silver Dollar Games,2014.0,2
Silver Dollar Games,2015.0,1
Silver Wish Games,2015.0,0
"Silverlode Interactive,Wasatch Games",2015.0,1
SimBin,2014.0,1
Simogo,2014.0,2
Skinny Jean Death Studios,2015.0,1
Skobbejak Games,2015.0,1
"SkyBox Labs,Big Huge Games",2014.0,0
"SkyBox Labs,Big Huge Games",2015.0,1
"SkyBox Labs,Forgotten Empires",2015.0,1
"Skybox Labs,Hidden Path Entertainment,Ensemble Studios",2013.0,3
"Skybox Labs,Hidden Path Entertainment,Ensemble Studios",2014.0,3
"Skybox Labs,Hidden Path Entertainment,Ensemble Studios",2015.0,1
Slant Six Games,2012.0,0
Slant Six Games,2015.0,0
"Sledgehammer Games,Raven Software",2014.0,1
"Sledgehammer Games,Raven Software",2015.0,4
Slightly Mad Studios,2015.0,1
Small Town Studios,2015.0,1
Smartly Dressed Games,2014.0,62
Smartly Dressed Games,2015.0,34
SmashGames,2014.0,2
SmashGames,2015.0,2
Smashball Labs LLC,2015.0,0
Smudged Cat Games Ltd,2014.0,1
Snails Animation,2015.0,0
Snapshot Games Inc.,2014.0,1
Snowblind Studios,2014.0,1
Snowblind Studios,2015.0,1
Soccer Manager Ltd,2015.0,1
Sometimes You,2015.0,0
Somi,2014.0,0
Sonic Team,2015.0,0
Sos,2013.0,1
Sos,2014.0,0
South East Games,2015.0,1
Space Boat Studios,2015.0,1
Spark Unlimited,2014.0,2
Spasman Games,2015.0,1
Spicy Tails,2015.0,1
Spiderling Studios,2015.0,18
Spidermonk Entertainment,2015.0,2
Spiders,2014.0,0
Splash Damage,2012.0,1
Splash Damage,2014.0,1
Splash Damage,2015.0,11
Spooky Squid Games Inc.,2014.0,1
Squad,2013.0,1
Squad,2014.0,7
Squad,2015.0,7
Square Enix,2014.0,2
Square Enix,2015.0,1
Stage 2 Studios,2014.0,1
Stainless Games,2012.0,1
Stainless Games,2013.0,1
Stainless Games Ltd.,2015.0,0
"Standing Stone Games, LLC",2013.0,2
"Standing Stone Games, LLC",2014.0,1
Star Gem Inc.,2014.0,2
Star Gem Inc.,2015.0,2
Starbreeze,2014.0,0
Starbreeze,2015.0,0
Starbreeze Studios AB,2013.0,1
Starbreeze Studios AB,2014.0,1
Starbreeze Studios AB,2015.0,3
Stardock Entertainment,2014.0,0
Stardock Entertainment,2015.0,1
Steel Monkeys,2012.0,1
Stegersaurus Software Inc.,2014.0,2
Still Running,2015.0,1
Stout Games,2014.0,1
Straight Right,2015.0,0
Strategy First,2013.0,0
Streum On Studio,2013.0,1
Streum On Studio,2014.0,1
Stridemann,2014.0,2
Strike Games,2014.0,1
Studio Eres,2015.0,1
"Studio Wildcard,Instinct Games,Efecto Studios,Virtual Basement LLC",2015.0,23
Subset Games,2013.0,8
Subset Games,2014.0,12
Subset Games,2015.0,7
Sumo Digital,2013.0,1
Sumo Digital,2014.0,1
Sumo Digital,2015.0,1
Sunlight Games,2014.0,0
SuperVillain Studios,2015.0,3
Supergiant Games,2012.0,1
Supergiant Games,2014.0,1
Supergiant Games,2015.0,2
Suspicious Developments,2014.0,2
Suspicious Developments,2015.0,1
Switchblade Monkeys Entertainment,2015.0,0
T3 Entertainment,2015.0,0
TB Games,2015.0,1
TML Studios,2014.0,0
TT Games,2015.0,1
"TT Games Ltd,Feral Interactive (Mac)",2015.0,0
"TT Games,Traveller's Tales",2015.0,1
TaleWorlds Entertainment,2012.0,4
TaleWorlds Entertainment,2014.0,14
TaleWorlds Entertainment,2015.0,14
"TaleWorlds Entertainment,Flying Squirrel Entertainment",2014.0,1
Tall Tail Studios,2015.0,1
Tango Gameworks,2014.0,3
Tango Gameworks,2015.0,2
Team 6 Studios,2014.0,1
Team 6 Studios,2015.0,0
"Team Bondi,Rockstar Leeds",2013.0,2
"Team Bondi,Rockstar Leeds",2014.0,0
Team Chivalry,2013.0,1
Team Chivalry,2014.0,2
Team Fractal Alligator,2015.0,1
Team Jolly Roger,2014.0,1
Team Meat,2013.0,3
Team Meat,2014.0,4
Team Meat,2015.0,3
"Team NINJA,KOEI TECMO GAMES CO., LTD.",2015.0,0
Team Psykskallar,2013.0,15
Team Psykskallar,2014.0,10
Team Psykskallar,2015.0,8
Team17 Digital Ltd,2011.0,1
Team17 Digital Ltd,2013.0,0
Team17 Digital Ltd,2014.0,2
Team17 Digital Ltd,2015.0,1
Techland,2014.0,2
Techland,2015.0,12
Technetium Games,2012.0,1
Telltale Games,2012.0,4
Telltale Games,2013.0,13
Telltale Games,2014.0,27
Telltale Games,2015.0,14
Teotl Studios,2013.0,0
Teotl Studios,2015.0,0
"Tequila Works, S.L.",2013.0,0
"Tequila Works, S.L.",2015.0,1
Terri Vellmann,2014.0,2
Terry Cavanagh,2013.0,13
Terry Cavanagh,2014.0,16
Terry Cavanagh,2015.0,6
Test3 Projects,2014.0,2
Test3 Projects,2015.0,1
Teyon,2015.0,0
The Behemoth,2012.0,1
The Behemoth,2013.0,3
The Behemoth,2014.0,11
The Behemoth,2015.0,15
The Chinese Room,2013.0,2
The Chinese Room,2014.0,0
The Chinese Room,2015.0,0
The Creative Assembly,2013.0,1
The Creative Assembly,2014.0,1
The Creative Assembly,2015.0,1
"The Creative Assembly,Feral Interactive (Mac)",2011.0,2
"The Creative Assembly,Feral Interactive (Mac)",2013.0,1
"The Creative Assembly,Feral Interactive (Mac)",2014.0,1
"The Creative Assembly,Feral Interactive (Mac),Feral Interactive (Linux)",2010.0,1
"The Creative Assembly,Feral Interactive (Mac),Feral Interactive (Linux)",2011.0,1
"The Creative Assembly,Feral Interactive (Mac),Feral Interactive (Linux)",2013.0,1
"The Creative Assembly,Feral Interactive (Mac),Feral Interactive (Linux)",2014.0,4
"The Creative Assembly,Feral Interactive (Mac),Feral Interactive (Linux)",2015.0,2
The Farm 51,2013.0,1
The Farm 51,2014.0,1
The Indie Stone,2013.0,4
The Indie Stone,2014.0,7
The Men Who Wear Many Hats,2014.0,1
"The Quinnspiracy,Patrick Lindsey,Isaac Schankler",2014.0,5
The Sims Studio,2014.0,6
The Sims Studio,2015.0,1
Thomas Bowker,2014.0,1
Thomas Bowker,2015.0,1
Threaks,2014.0,0
Three Rings,2014.0,0
Tigerish Games,2015.0,1
TimeGate Studios,2013.0,1
TimeSymmetry,2015.0,0
"Tlön Studios,Ilex Games",2015.0,0
"Tomi Maarela,Elias Viglione",2015.0,4
Tomorrow Corporation,2013.0,1
Tomorrow Corporation,2014.0,2
Torn Banner Studios,2013.0,5
Torn Banner Studios,2014.0,13
Torn Banner Studios,2015.0,14
Totally Games,2015.0,1
Touz,2015.0,1
Transcendent Games,2014.0,1
Transhuman Design,2015.0,0
Trashmasters,2014.0,0
Trashmasters,2015.0,0
Trav Nash,2015.0,1
Traveller's Tales,2013.0,1
Traveller's Tales,2014.0,2
Traveller's Tales,2015.0,1
"Traveller's Tales,Feral Interactive (Mac)",2014.0,1
"Traveller's Tales,Feral Interactive (Mac)",2015.0,1
"Trek Industries, Inc",2014.0,12
"Trek Industries, Inc",2015.0,5
Trendy Entertainment,2013.0,1
Trendy Entertainment,2015.0,0
Treyarch,2011.0,2
Treyarch,2012.0,1
Treyarch,2013.0,2
Treyarch,2014.0,7
Treyarch,2015.0,14
Tribe Studios,2014.0,1
Tribe Studios,2015.0,0
Tribute Games Inc.,2014.0,0
Trinoteam,2015.0,0
Trion Worlds,2015.0,9
"Trion Worlds, Inc.",2013.0,1
"Trion Worlds, Inc.",2014.0,2
"Trion Worlds, Inc.",2015.0,1
Tripwire Interactive,2010.0,1
Tripwire Interactive,2011.0,3
Tripwire Interactive,2012.0,6
Tripwire Interactive,2013.0,21
Tripwire Interactive,2014.0,22
Tripwire Interactive,2015.0,30
"Triumph Studios,Virtual Programming",2011.0,1
"Triumph Studios,Virtual Programming",2013.0,1
Turbo Tape Games,2014.0,1
Turtle Rock Studios,2014.0,2
Turtle Rock Studios,2015.0,4
Two Tribes,2014.0,1
U.S. Army,2014.0,1
U.S. Army,2015.0,0
"UBIart Montpellier,Feral Interactive (Mac)",2015.0,0
Uber Entertainment,2012.0,1
Uber Entertainment,2013.0,1
Uber Entertainment,2015.0,0
Ubisoft,2014.0,7
Ubisoft,2015.0,0
Ubisoft  Shanghaï,2014.0,0
Ubisoft - San Francisco,2013.0,1
Ubisoft Montpellier,2014.0,4
Ubisoft Montpellier,2015.0,4
Ubisoft Montreal,2013.0,1
Ubisoft Montreal,2014.0,9
Ubisoft Montreal,2015.0,10
"Ubisoft Montreal, Massive Entertainment, and Ubisoft Shanghai",2013.0,2
"Ubisoft Montreal, Massive Entertainment, and Ubisoft Shanghai",2014.0,10
"Ubisoft Montreal, Massive Entertainment, and Ubisoft Shanghai",2015.0,5
"Ubisoft Montreal, Red Storm, Shanghai, Toronto, Kiev",2014.0,5
"Ubisoft Montreal, Red Storm, Shanghai, Toronto, Kiev",2015.0,5
Ubisoft Montréal,2014.0,2
Ubisoft Toronto,2014.0,1
Ubisoft Toronto,2015.0,2
Undead Labs,2013.0,2
Undead Labs,2014.0,11
Undead Labs,2015.0,3
Underdog Games,2015.0,0
Unigine LLC.,2015.0,1
United Front Games,2013.0,1
United Front Games,2014.0,3
United Independent Entertainment GmbH,2014.0,1
Unknown Worlds Entertainment,2012.0,1
Unknown Worlds Entertainment,2013.0,4
Unknown Worlds Entertainment,2014.0,2
Unknown Worlds Entertainment,2015.0,2
"Upper One Games,E-Line Media",2015.0,0
VIS - Visual Imagination Software,2015.0,1
VStep,2015.0,0
Vagabond Dog,2014.0,2
Valve,2010.0,3
Valve,2011.0,16
Valve,2012.0,41
Valve,2013.0,92
Valve,2014.0,341
Valve,2015.0,300
Vanguard Games,2011.0,1
"Vblank Entertainment, Inc.",2015.0,1
Vertigo Games,2015.0,0
Vertigo Gaming Inc.,2014.0,1
"Vicious Cycle Software, Inc.",2014.0,1
Vigil Games,2014.0,1
"Virtual Basement LLC,Code Headquarters LLC",2015.0,0
Visceral Games,2014.0,1
Visceral Games,2015.0,1
Visual Concepts,2015.0,0
VisualArts/Key,2014.0,2
Vitali Kirpu,2014.0,3
Vitali Kirpu,2015.0,2
Vlambeer,2013.0,2
Vlambeer,2014.0,4
Vlambeer,2015.0,7
Volition,2011.0,1
Volition,2012.0,0
Volition,2013.0,1
Volition,2014.0,11
Volition,2015.0,5
"Volition, Inc.",2014.0,1
"Volition,Reactor Zero,THQ Nordic",2014.0,2
"Volition,Reactor Zero,THQ Nordic",2015.0,3
Vortal Storm,2014.0,1
Vortal Storm,2015.0,1
Vostok Games,2015.0,4
WARTEAM,2015.0,1
"WB Games Montreal,Splash Damage",2013.0,1
"WB Games Montreal,Splash Damage",2014.0,5
"WB Games Montreal,Splash Damage",2015.0,4
WZOGI,2014.0,1
Wanako Games,2011.0,1
WayForward,2015.0,1
Wild Games Studio,2014.0,0
Wild Shadow Studios,2012.0,3
Wild Shadow Studios,2013.0,1
Wild Shadow Studios,2014.0,12
Wild Shadow Studios,2015.0,9
Wizarbox,2014.0,0
Wolfire Games,2014.0,1
Wolfire Games,2015.0,3
Wyrmbyte,2014.0,2
X-Legend,2015.0,0
XLGAMES,2015.0,0
XYLA Entertainment,2014.0,0
"Xavi Canal, Ben Palgi",2014.0,0
Xaviant,2014.0,1
Xaviant,2015.0,0
Xtal Sword,2015.0,1
Yacht Club Games,2014.0,1
Yager Development,2012.0,2
Yager Development,2013.0,2
Yager Development,2014.0,10
Yager Development,2015.0,1
YeaBoing,2013.0,1
Young Horses,2014.0,3
Young Horses,2015.0,2
Zachtronics,2015.0,1
"Zaxis Games,B-evil",2014.0,0
Zeboyd Games,2015.0,1
Zenimax Online Studios,2014.0,1
Zenimax Online Studios,2015.0,2
Zero Point Software,2014.0,1
Zero Sum Games,2014.0,1
Zero Sum Games,2015.0,1
Zeroscale,2014.0,1
Zombie Panic Team,2013.0,1
Zombie Panic Team,2015.0,1
Zombie Studios,2014.0,2
b-Alive,2014.0,0
"gord10,Aslan Game Studio",2015.0,0
id Software,2013.0,2
id Software,2014.0,1
id Software,2015.0,6
inXile Entertainment,2015.0,1
increpare games,2014.0,1
marbenx,2015.0,2
minori,2015.0,1
momoStorm Entertainment,2015.0,0
nFusion Interactive,2015.0,0
souvenir circ.,2015.0,1
sparsevector,2013.0,2
sparsevector,2014.0,3
sparsevector,2015.0,1
stage-nana,2014.0,3
stage-nana,2015.0,1
storm_sharks,2015.0,0
the whale husband,2015.0,3
tinyBuild,2015.0,1
tobyfox,2015.0,20
